date,actual,mean,naive,seasonal_naive_daily,seasonal_naive_weekly,drift,sarimax,feature_model,foundation_model
2016-05-13 19:00:00,208.33333333333331,97.46163394267658,348.3333333333333,123.33333333333331,126.66666666666669,348.432667343944,201.3036821313542,112.78004329004331,174.80447
2016-05-13 20:00:00,120.0,97.46163394267658,348.3333333333333,100.0,116.66666666666669,348.53200135455467,179.32995861123584,109.62517361111117,120.13728
2016-05-13 21:00:00,63.333333333333336,97.46163394267658,348.3333333333333,71.66666666666667,71.66666666666667,348.63133536516534,121.41911134788134,71.20315972222215,87.08914
2016-05-13 22:00:00,55.0,97.46163394267658,348.3333333333333,60.0,53.333333333333336,348.730669375776,95.50151582853168,55.63368716931217,71.17756
2016-05-13 23:00:00,61.66666666666666,97.46163394267658,348.3333333333333,56.66666666666666,58.333333333333336,348.8300033863867,79.33976846792672,52.69997023809522,60.146904
2016-05-14 00:00:00,58.333333333333336,97.46163394267658,348.3333333333333,55.0,51.66666666666666,348.92933739699737,70.37527572670895,53.202058531746005,55.363693
2016-05-14 01:00:00,63.333333333333336,97.46163394267658,348.3333333333333,53.333333333333336,56.66666666666666,349.02867140760804,65.69730212490876,53.170649801587295,56.072155
2016-05-14 02:00:00,60.0,97.46163394267658,348.3333333333333,58.333333333333336,53.333333333333336,349.1280054182187,61.60233872007536,53.55711474867723,52.626152
2016-05-14 03:00:00,60.0,97.46163394267658,348.3333333333333,58.333333333333336,55.0,349.2273394288294,58.13987754306896,52.454771825396826,50.89327
2016-05-14 04:00:00,60.0,97.46163394267658,348.3333333333333,50.0,55.0,349.32667343944007,56.54070174880799,50.97769510582011,52.17518
2016-05-14 05:00:00,56.66666666666666,97.46163394267658,348.3333333333333,58.333333333333336,51.66666666666666,349.4260074500508,64.5895560618952,53.81319444444439,51.864357
2016-05-14 06:00:00,63.333333333333336,97.46163394267658,348.3333333333333,146.66666666666666,53.333333333333336,349.5253414606615,73.75598498042862,66.15000661375657,57.200882
2016-05-14 07:00:00,113.33333333333331,97.46163394267658,348.3333333333333,176.66666666666666,148.33333333333334,349.62467547127216,101.71109628086103,99.80862929894184,78.51798
2016-05-14 08:00:00,133.33333333333334,97.46163394267658,348.3333333333333,338.3333333333333,121.66666666666669,349.72400948188283,117.46548769674169,152.92673280423267,123.65141
2016-05-14 09:00:00,118.33333333333331,97.46163394267658,348.3333333333333,93.33333333333331,153.33333333333334,349.8233434924935,106.81046460413303,170.04332671957658,164.2943
2016-05-14 10:00:00,158.33333333333334,97.46163394267658,348.3333333333333,73.33333333333333,178.33333333333334,349.9226775031042,113.9157951796932,182.98949900793653,194.72086
2016-05-14 11:00:00,96.66666666666669,97.46163394267658,348.3333333333333,355.0,161.66666666666666,350.02201151371486,118.54614292856797,201.14955522486764,200.48743
2016-05-14 12:00:00,116.66666666666669,97.46163394267658,348.3333333333333,301.6666666666667,86.66666666666667,350.12134552432553,111.9046089514195,196.55065355940363,177.9332
2016-05-14 13:00:00,113.33333333333331,97.46163394267658,348.3333333333333,268.3333333333333,75.0,350.2206795349362,105.39488128140624,151.8443849206348,156.6449
2016-05-14 14:00:00,106.66666666666669,97.46163394267658,348.3333333333333,318.3333333333333,88.33333333333333,350.3200135455469,102.2415196791352,134.46270171957664,139.1827
2016-05-14 15:00:00,130.0,97.46163394267658,348.3333333333333,201.66666666666663,103.33333333333331,350.41934755615756,96.41953048545099,123.86187499999998,126.32175
2016-05-14 16:00:00,111.66666666666669,97.46163394267658,348.3333333333333,351.6666666666667,91.66666666666669,350.51868156676824,126.51552976510129,111.8397123015873,153.30733
2016-05-14 17:00:00,241.66666666666663,97.46163394267658,348.3333333333333,231.66666666666663,83.33333333333333,350.6180155773789,183.12636934529104,166.23729873136122,174.90498
2016-05-14 18:00:00,166.66666666666666,97.46163394267658,348.3333333333333,348.3333333333333,285.0,350.7173495879896,176.8127482024562,207.33793981481466,152.49168
2016-05-14 19:00:00,90.0,97.5279829863443,166.66666666666666,208.33333333333331,120.0,166.7041764640018,134.16953095670857,152.57968750000006,123.147385
2016-05-14 20:00:00,86.66666666666667,97.5279829863443,166.66666666666666,120.0,86.66666666666667,166.7416862613369,110.50878479610296,128.3344560185186,96.86322
2016-05-14 21:00:00,75.0,97.5279829863443,166.66666666666666,63.333333333333336,56.66666666666666,166.77919605867203,76.22781161166017,90.75173641173642,72.64205
2016-05-14 22:00:00,61.66666666666666,97.5279829863443,166.66666666666666,55.0,58.333333333333336,166.81670585600716,62.090568447269746,56.67461474867724,62.194393
2016-05-14 23:00:00,48.333333333333336,97.5279829863443,166.66666666666666,61.66666666666666,56.66666666666666,166.8542156533423,56.31372798716873,54.024563492063464,57.86307
2016-05-15 00:00:00,53.333333333333336,97.5279829863443,166.66666666666666,58.333333333333336,58.333333333333336,166.8917254506774,53.88668540517839,54.966251653439194,56.493286
2016-05-15 01:00:00,55.0,97.5279829863443,166.66666666666666,63.333333333333336,51.66666666666666,166.92923524801253,54.23270246475961,52.38083002645507,55.755215
2016-05-15 02:00:00,51.66666666666666,97.5279829863443,166.66666666666666,60.0,55.0,166.96674504534766,53.41814614526952,54.584823082010615,54.161648
2016-05-15 03:00:00,40.0,97.5279829863443,166.66666666666666,60.0,56.66666666666666,167.00425484268277,52.43644103641413,54.40976851851853,54.29389
2016-05-15 04:00:00,51.66666666666666,97.5279829863443,166.66666666666666,60.0,50.0,167.0417646400179,52.5664922244861,54.80038359788362,54.500443
2016-05-15 05:00:00,56.66666666666666,97.5279829863443,166.66666666666666,56.66666666666666,56.66666666666666,167.07927443735304,61.28070794646499,56.712966269841274,55.11686
2016-05-15 06:00:00,51.66666666666666,97.5279829863443,166.66666666666666,63.333333333333336,50.0,167.11678423468817,71.17757754748449,120.8825189393939,59.9796
2016-05-15 07:00:00,93.33333333333331,97.5279829863443,166.66666666666666,113.33333333333331,60.0,167.15429403202327,100.73729023291858,93.72049437830702,71.9902
2016-05-15 08:00:00,118.33333333333331,97.5279829863443,166.66666666666666,133.33333333333334,183.33333333333331,167.1918038293584,117.11468311706922,133.42064980158722,102.01731
2016-05-15 09:00:00,101.66666666666669,97.5279829863443,166.66666666666666,118.33333333333331,143.33333333333334,167.22931362669354,106.56905607890769,118.45470403439154,112.65631
2016-05-15 10:00:00,108.33333333333331,97.5279829863443,166.66666666666666,158.33333333333334,135.0,167.26682342402864,115.3887761095005,157.03513723544972,116.08586
2016-05-15 11:00:00,105.0,97.5279829863443,166.66666666666666,96.66666666666669,50.0,167.30433322136378,117.16172070337845,101.40384093915353,99.74765
2016-05-15 12:00:00,96.66666666666669,97.5279829863443,166.66666666666666,116.66666666666669,56.66666666666666,167.3418430186989,111.84285619343196,97.69385311447805,82.078224
2016-05-15 13:00:00,136.66666666666666,97.5279829863443,166.66666666666666,113.33333333333331,56.66666666666666,167.37935281603404,105.55716831002181,96.8302976190476,76.676926
2016-05-15 14:00:00,88.33333333333333,97.5279829863443,166.66666666666666,106.66666666666669,56.66666666666666,167.41686261336915,102.30094432425948,94.57372519841275,71.99785
2016-05-15 15:00:00,93.33333333333331,97.5279829863443,166.66666666666666,130.0,50.0,167.45437241070428,97.84488015736603,97.9084027777778,71.35457
2016-05-15 16:00:00,143.33333333333334,97.5279829863443,166.66666666666666,111.66666666666669,55.0,167.4918822080394,125.76832283549768,111.45383928571425,88.774956
2016-05-15 17:00:00,236.66666666666663,97.5279829863443,166.66666666666666,241.66666666666663,56.66666666666666,167.52939200537452,185.73597824966782,177.07796296296294,141.9856
2016-05-15 18:00:00,98.33333333333331,97.5279829863443,166.66666666666666,166.66666666666666,50.0,167.56690180270965,176.31474302171856,245.42222056878302,127.72655
2016-05-15 19:00:00,96.66666666666669,97.46169220519654,98.33333333333331,90.0,60.0,98.34777296456734,106.65989312099258,132.40589451058221,109.123474
2016-05-15 20:00:00,246.66666666666663,97.46169220519654,98.33333333333331,86.66666666666667,78.33333333333333,98.36221259580138,84.12588897658817,117.16285879629632,93.902756
2016-05-15 21:00:00,203.33333333333331,97.46169220519654,98.33333333333331,75.0,63.333333333333336,98.37665222703541,59.94848247453691,81.92323412698417,74.89555
2016-05-15 22:00:00,86.66666666666667,97.46169220519654,98.33333333333331,61.66666666666666,58.333333333333336,98.39109185826945,50.018388804394846,61.14855654761904,63.293568
2016-05-15 23:00:00,83.33333333333333,97.46169220519654,98.33333333333331,48.333333333333336,53.333333333333336,98.40553148950347,47.470675989233136,57.101175595238075,58.469883
2016-05-16 00:00:00,61.66666666666666,97.46169220519654,98.33333333333331,53.333333333333336,55.0,98.41997112073751,47.77724159265701,53.51367890211645,56.614223
2016-05-16 01:00:00,53.333333333333336,97.46169220519654,98.33333333333331,55.0,58.333333333333336,98.43441075197154,49.93316149495036,56.56175099206347,54.777023
2016-05-16 02:00:00,56.66666666666666,97.46169220519654,98.33333333333331,51.66666666666666,55.0,98.44885038320558,50.242781040383846,55.57649801587304,53.636703
2016-05-16 03:00:00,53.333333333333336,97.46169220519654,98.33333333333331,40.0,53.333333333333336,98.46329001443961,49.662098137871936,54.52342757936509,52.68518
2016-05-16 04:00:00,55.0,97.46169220519654,98.33333333333331,51.66666666666666,56.66666666666666,98.47772964567365,50.94879848974146,53.479277447089935,53.09257
2016-05-16 05:00:00,51.66666666666666,97.46169220519654,98.33333333333331,56.66666666666666,65.0,98.49216927690767,59.94558502452837,63.989414682539724,54.325928
2016-05-16 06:00:00,53.333333333333336,97.46169220519654,98.33333333333331,51.66666666666666,55.0,98.50660890814171,69.48741351323942,67.13875330687829,55.80683
2016-05-16 07:00:00,61.66666666666666,97.46169220519654,98.33333333333331,93.33333333333331,56.66666666666666,98.52104853937574,99.82742489772431,95.83327711640212,55.771023
2016-05-16 08:00:00,88.33333333333333,97.46169220519654,98.33333333333331,118.33333333333331,61.66666666666666,98.53548817060978,116.7608984905855,84.1691765873016,55.54125
2016-05-16 09:00:00,70.0,97.46169220519654,98.33333333333331,101.66666666666669,66.66666666666667,98.54992780184381,106.05415369388815,79.43127314814815,57.58542
2016-05-16 10:00:00,148.33333333333334,97.46169220519654,98.33333333333331,108.33333333333331,55.0,98.56436743307785,114.85960231288485,78.3364628427128,60.164146
2016-05-16 11:00:00,103.33333333333331,97.46169220519654,98.33333333333331,105.0,61.66666666666666,98.57880706431187,116.46009489403151,124.94466269841256,60.884453
2016-05-16 12:00:00,206.66666666666663,97.46169220519654,98.33333333333331,96.66666666666669,135.0,98.59324669554591,111.04678689403664,111.18316798941804,61.9473
2016-05-16 13:00:00,266.6666666666667,97.46169220519654,98.33333333333331,136.66666666666666,173.33333333333334,98.60768632677994,106.89556151001793,127.44687499999998,64.18414
2016-05-16 14:00:00,88.33333333333333,97.46169220519654,98.33333333333331,88.33333333333333,88.33333333333333,98.62212595801398,101.6119078304999,105.08959490740745,62.47696
2016-05-16 15:00:00,111.66666666666669,97.46169220519654,98.33333333333331,93.33333333333331,70.0,98.63656558924801,97.60118456547926,86.24364417989418,61.28566
2016-05-16 16:00:00,88.33333333333333,97.46169220519654,98.33333333333331,143.33333333333334,78.33333333333333,98.65100522048205,126.53924058174881,120.06386408730157,89.478096
2016-05-16 17:00:00,243.33333333333331,97.46169220519654,98.33333333333331,236.66666666666663,268.3333333333333,98.66544485171607,188.03152886073747,224.2548511904762,146.60397
2016-05-16 18:00:00,155.0,97.46169220519654,98.33333333333331,98.33333333333331,120.0,98.67988448295011,172.75580875542533,203.37130621693143,132.09906
2016-05-16 19:00:00,115.0,97.5919806124697,155.0,96.66666666666669,110.0,155.03305785123968,127.51825957608646,152.3725198412698,127.21634
2016-05-16 20:00:00,96.66666666666669,97.5919806124697,155.0,246.66666666666663,95.0,155.06611570247935,112.65807315217003,128.43683366402112,107.48238
2016-05-16 21:00:00,68.33333333333333,97.5919806124697,155.0,203.33333333333331,71.66666666666667,155.099173553719,80.02506351795267,99.37664351851852,80.64705
2016-05-16 22:00:00,46.66666666666666,97.5919806124697,155.0,86.66666666666667,71.66666666666667,155.13223140495867,61.757406291005644,78.22787202380955,66.12287
2016-05-16 23:00:00,60.0,97.5919806124697,155.0,83.33333333333333,60.0,155.16528925619835,56.18820012124361,63.547108134920606,59.526047
2016-05-17 00:00:00,50.0,97.5919806124697,155.0,61.66666666666666,51.66666666666666,155.19834710743802,53.49348999761477,51.91320376382873,57.047535
2016-05-17 01:00:00,55.0,97.5919806124697,155.0,53.333333333333336,55.0,155.23140495867767,53.71015932839516,56.860687229437275,54.11414
2016-05-17 02:00:00,51.66666666666666,97.5919806124697,155.0,56.66666666666666,56.66666666666666,155.26446280991735,53.12202586452156,54.86345734126985,52.74239
2016-05-17 03:00:00,53.333333333333336,97.5919806124697,155.0,53.333333333333336,56.66666666666666,155.29752066115702,51.67513053614486,56.01267691798941,52.455482
2016-05-17 04:00:00,53.333333333333336,97.5919806124697,155.0,55.0,50.0,155.3305785123967,52.45073843205746,53.49902281746028,53.404907
2016-05-17 05:00:00,58.333333333333336,97.5919806124697,155.0,51.66666666666666,71.66666666666667,155.36363636363637,60.50975878900445,71.13061026936025,55.312637
2016-05-17 06:00:00,56.66666666666666,97.5919806124697,155.0,53.333333333333336,63.333333333333336,155.39669421487602,69.42436947638039,71.45219922438672,60.622482
2016-05-17 07:00:00,65.0,97.5919806124697,155.0,61.66666666666666,60.0,155.4297520661157,98.57183040532934,94.37819444444447,58.954174
2016-05-17 08:00:00,56.66666666666666,97.5919806124697,155.0,88.33333333333333,56.66666666666666,155.46280991735537,115.81060238070518,82.55275297619045,55.536514
2016-05-17 09:00:00,51.66666666666666,97.5919806124697,155.0,70.0,55.0,155.49586776859505,104.6592739840605,68.14567460317464,55.520626
2016-05-17 10:00:00,53.333333333333336,97.5919806124697,155.0,148.33333333333334,53.333333333333336,155.52892561983472,116.5554620131669,81.79498015873018,55.82845
2016-05-17 11:00:00,51.66666666666666,97.5919806124697,155.0,103.33333333333331,56.66666666666666,155.56198347107437,115.98771370614955,91.74673611111109,56.28914
2016-05-17 12:00:00,53.333333333333336,97.5919806124697,155.0,206.66666666666663,58.333333333333336,155.59504132231405,115.4822338908029,98.67590112433865,62.74988
2016-05-17 13:00:00,41.66666666666666,97.5919806124697,155.0,266.6666666666667,53.333333333333336,155.62809917355372,114.22180050082602,82.35308862433865,66.94543
2016-05-17 14:00:00,53.333333333333336,97.5919806124697,155.0,88.33333333333333,53.333333333333336,155.6611570247934,101.05349643344924,79.14923941798935,62.778515
2016-05-17 15:00:00,51.66666666666666,97.5919806124697,155.0,111.66666666666669,56.66666666666666,155.69421487603304,98.2728420458373,98.24950727513223,62.107273
2016-05-17 16:00:00,66.66666666666667,97.5919806124697,155.0,88.33333333333333,63.333333333333336,155.72727272727272,124.82550058993161,94.01064814814814,82.60948
2016-05-17 17:00:00,153.33333333333334,97.5919806124697,155.0,243.33333333333331,126.66666666666669,155.7603305785124,190.56188396067193,166.3780886243386,146.1298
2016-05-17 18:00:00,100.0,97.5919806124697,155.0,155.0,101.66666666666669,155.79338842975207,171.96039425917402,219.59548115079338,139.70305
2016-05-17 19:00:00,123.33333333333331,97.33661202185793,100.0,115.0,105.0,100.0147589373565,85.78421903183721,128.35623511904748,108.79049
2016-05-17 20:00:00,118.33333333333331,97.33661202185793,100.0,96.66666666666669,95.0,100.02951787471302,82.80076342251645,118.10760131072635,90.57964
2016-05-17 21:00:00,65.0,97.33661202185793,100.0,68.33333333333333,68.33333333333333,100.04427681206953,58.63741517100642,92.0711789021164,66.854866
2016-05-17 22:00:00,46.66666666666666,97.33661202185793,100.0,46.66666666666666,58.333333333333336,100.05903574942604,46.2023117608645,57.125615229677706,55.911102
2016-05-17 23:00:00,55.0,97.33661202185793,100.0,60.0,56.66666666666666,100.07379468678255,45.744529210696,53.675244708994704,52.41713
2016-05-18 00:00:00,51.66666666666666,97.33661202185793,100.0,50.0,51.66666666666666,100.08855362413907,45.758087749999206,52.29566468253965,52.82395
2016-05-18 01:00:00,53.333333333333336,97.33661202185793,100.0,55.0,56.66666666666666,100.10331256149557,48.360807244775934,53.66224702380954,51.496994
2016-05-18 02:00:00,55.0,97.33661202185793,100.0,51.66666666666666,56.66666666666666,100.11807149885209,49.196061902182166,53.10019345238097,50.488388
2016-05-18 03:00:00,51.66666666666666,97.33661202185793,100.0,53.333333333333336,53.333333333333336,100.1328304362086,48.9956028488355,50.71438822751325,50.08978
2016-05-18 04:00:00,51.66666666666666,97.33661202185793,100.0,53.333333333333336,51.66666666666666,100.1475893735651,50.52458531126862,52.170818452380935,50.65979
2016-05-18 05:00:00,65.0,97.33661202185793,100.0,58.333333333333336,68.33333333333333,100.16234831092162,59.00741835439386,65.49240740740743,53.585518
2016-05-18 06:00:00,70.0,97.33661202185793,100.0,56.66666666666666,110.0,100.17710724827812,67.84276723358835,77.60599867724865,59.557858
2016-05-18 07:00:00,53.333333333333336,97.33661202185793,100.0,65.0,76.66666666666667,100.19186618563464,96.33079614816535,91.50299437830698,72.824646
2016-05-18 08:00:00,61.66666666666666,97.33661202185793,100.0,56.66666666666666,161.66666666666666,100.20662512299114,112.61176513831361,131.06519675925927,75.76181
2016-05-18 09:00:00,65.0,97.33661202185793,100.0,51.66666666666666,65.0,100.22138406034766,101.88613487145267,78.34198908730161,74.64896
2016-05-18 10:00:00,58.333333333333336,97.33661202185793,100.0,53.333333333333336,63.333333333333336,100.23614299770416,113.42156442855502,83.88644841269837,69.39738
2016-05-18 11:00:00,70.0,97.33661202185793,100.0,51.66666666666666,55.0,100.25090193506068,112.87827276142357,73.77358134920634,64.74675
2016-05-18 12:00:00,56.66666666666666,97.33661202185793,100.0,53.333333333333336,56.66666666666666,100.26566087241719,112.52464472187359,89.51217757936521,66.82247
2016-05-18 13:00:00,86.66666666666667,97.33661202185793,100.0,41.66666666666666,73.33333333333333,100.28041980977369,110.82907059629979,85.94814980158733,70.6239
2016-05-18 14:00:00,81.66666666666667,97.33661202185793,100.0,53.333333333333336,80.0,100.29517874713021,98.81677214144759,77.62044642857143,71.66996
2016-05-18 15:00:00,83.33333333333333,97.33661202185793,100.0,51.66666666666666,76.66666666666667,100.30993768448671,96.10606795923348,88.34866071428574,73.11598
2016-05-18 16:00:00,105.0,97.33661202185793,100.0,66.66666666666667,75.0,100.32469662184323,122.1473473689856,91.14622519841265,86.0816
2016-05-18 17:00:00,118.33333333333331,97.33661202185793,100.0,153.33333333333334,91.66666666666669,100.33945555919973,188.84501847033312,175.46691633597882,154.29443
2016-05-18 18:00:00,178.33333333333334,97.33661202185793,100.0,100.0,101.66666666666669,100.35421449655625,168.67170684554017,156.93390873015872,158.95982
2016-05-18 19:00:00,143.33333333333334,97.17035350249402,178.33333333333334,123.33333333333331,95.0,178.37346783816034,108.45099025806226,119.05709821428573,135.15697
2016-05-18 20:00:00,223.33333333333331,97.17035350249402,178.33333333333334,118.33333333333331,85.0,178.41360234298733,109.61552131459064,152.19304894179893,104.57845
2016-05-18 21:00:00,81.66666666666667,97.17035350249402,178.33333333333334,65.0,61.66666666666666,178.4537368478143,74.26744102882309,71.69437860750357,71.843475
2016-05-18 22:00:00,51.66666666666666,97.17035350249402,178.33333333333334,46.66666666666666,55.0,178.4938713526413,57.85596261005034,60.544882756132736,58.099808
2016-05-18 23:00:00,56.66666666666666,97.17035350249402,178.33333333333334,55.0,56.66666666666666,178.5340058574683,54.29135167398372,56.19741567460318,54.396614
2016-05-19 00:00:00,51.66666666666666,97.17035350249402,178.33333333333334,51.66666666666666,56.66666666666666,178.57414036229528,51.8721604162764,53.0565228174603,53.898212
2016-05-19 01:00:00,51.66666666666666,97.17035350249402,178.33333333333334,53.333333333333336,56.66666666666666,178.61427486712225,52.7472087638223,53.457202380952374,52.929867
2016-05-19 02:00:00,50.0,97.17035350249402,178.33333333333334,55.0,56.66666666666666,178.65440937194924,52.43234333138478,54.923832671957626,50.72209
2016-05-19 03:00:00,51.66666666666666,97.17035350249402,178.33333333333334,51.66666666666666,50.0,178.69454387677624,51.237783515157254,52.78505291005288,49.376766
2016-05-19 04:00:00,56.66666666666666,97.17035350249402,178.33333333333334,51.66666666666666,56.66666666666666,178.73467838160323,52.09036989633506,53.06358630952381,49.66779
2016-05-19 05:00:00,55.0,97.17035350249402,178.33333333333334,65.0,61.66666666666666,178.7748128864302,60.3602806078921,61.264378306878285,51.18419
2016-05-19 06:00:00,58.333333333333336,97.17035350249402,178.33333333333334,70.0,48.333333333333336,178.8149473912572,68.71200261792289,54.393771494709014,58.096672
2016-05-19 07:00:00,50.0,97.17035350249402,178.33333333333334,53.333333333333336,58.333333333333336,178.8550818960842,94.92662700985295,67.08354332010583,63.94465
2016-05-19 08:00:00,53.333333333333336,97.17035350249402,178.33333333333334,61.66666666666666,51.66666666666666,178.89521640091118,110.68875103318332,74.97629734848489,68.19893
2016-05-19 09:00:00,36.66666666666666,97.17035350249402,178.33333333333334,65.0,48.333333333333336,178.93535090573815,100.4897550652864,65.47318272005776,65.842514
2016-05-19 10:00:00,55.0,97.17035350249402,178.33333333333334,58.333333333333336,58.333333333333336,178.97548541056514,111.11748786087242,67.17971560846564,60.285133
2016-05-19 11:00:00,51.66666666666666,97.17035350249402,178.33333333333334,70.0,50.0,179.01561991539214,111.07194825411489,63.48463443963444,58.712193
2016-05-19 12:00:00,55.0,97.17035350249402,178.33333333333334,56.66666666666666,55.0,179.05575442021913,110.08739954731102,67.29533234126984,65.40588
2016-05-19 13:00:00,50.0,97.17035350249402,178.33333333333334,86.66666666666667,56.66666666666666,179.0958889250461,109.80345962133592,87.57524305555549,69.526146
2016-05-19 14:00:00,63.333333333333336,97.17035350249402,178.33333333333334,81.66666666666667,56.66666666666666,179.1360234298731,98.0890967250169,67.87182374338624,67.120346
2016-05-19 15:00:00,81.66666666666667,97.17035350249402,178.33333333333334,83.33333333333333,68.33333333333333,179.1761579347001,95.56251226044543,77.36707671957674,71.90311
2016-05-19 16:00:00,90.0,97.17035350249402,178.33333333333334,105.0,118.33333333333331,179.21629243952708,121.39431935512333,97.68916832010585,108.115486
2016-05-19 17:00:00,208.33333333333331,97.17035350249402,178.33333333333334,118.33333333333331,208.33333333333331,179.25642694435405,185.65857963870207,128.9665641534392,182.97379
2016-05-19 18:00:00,120.0,97.17035350249402,178.33333333333334,178.33333333333334,105.0,179.29656144918104,169.1243827624022,228.649753637566,191.6123
2016-05-19 19:00:00,98.33333333333331,97.0136647299333,120.0,143.33333333333334,123.33333333333331,120.02098805295448,109.44673751327016,178.47834821428572,125.31957
2016-05-19 20:00:00,118.33333333333331,97.0136647299333,120.0,223.33333333333331,100.0,120.04197610590894,102.4619266967427,118.80724041005293,100.26927
2016-05-19 21:00:00,66.66666666666667,97.0136647299333,120.0,81.66666666666667,71.66666666666667,120.06296415886342,68.88284224701593,80.73330357142856,72.919876
2016-05-19 22:00:00,50.0,97.0136647299333,120.0,51.66666666666666,60.0,120.08395221181789,52.697194096641695,58.289793771043705,57.858425
2016-05-19 23:00:00,56.66666666666666,97.0136647299333,120.0,56.66666666666666,56.66666666666666,120.10494026477237,51.12327684365463,51.338902116402075,54.062412
2016-05-20 00:00:00,51.66666666666666,97.0136647299333,120.0,51.66666666666666,55.0,120.12592831772683,49.47158855523742,53.19365740740743,53.00289
2016-05-20 01:00:00,51.66666666666666,97.0136647299333,120.0,51.66666666666666,53.333333333333336,120.14691637068131,51.00506745876591,53.04151785714284,51.699127
2016-05-20 02:00:00,36.66666666666666,97.0136647299333,120.0,50.0,58.333333333333336,120.16790442363578,51.109865331629436,51.732131283068775,49.551014
2016-05-20 03:00:00,58.333333333333336,97.0136647299333,120.0,51.66666666666666,58.333333333333336,120.18889247659025,50.39320876424353,52.634465939153436,49.871365
2016-05-20 04:00:00,51.66666666666666,97.0136647299333,120.0,56.66666666666666,50.0,120.20988052954472,51.68144357754378,52.37973379629629,48.78637
2016-05-20 05:00:00,61.66666666666666,97.0136647299333,120.0,55.0,58.333333333333336,120.2308685824992,59.67633002469514,59.77105654761906,50.59014
2016-05-20 06:00:00,66.66666666666667,97.0136647299333,120.0,58.333333333333336,146.66666666666666,120.25185663545366,67.92594722539926,88.16759093915334,68.57374
2016-05-20 07:00:00,80.0,97.0136647299333,120.0,50.0,176.66666666666666,120.27284468840814,92.66005731103175,102.61821924603183,126.052826
2016-05-20 08:00:00,126.66666666666669,97.0136647299333,120.0,53.333333333333336,338.3333333333333,120.2938327413626,107.92140047561708,158.8186557539682,162.30609
2016-05-20 09:00:00,73.33333333333333,97.0136647299333,120.0,36.66666666666666,93.33333333333331,120.31482079431709,97.4742253787025,161.1003422619048,157.43114
2016-05-20 10:00:00,81.66666666666667,97.0136647299333,120.0,55.0,73.33333333333333,120.33580884727155,108.48494794777777,149.6498313492064,175.44386
2016-05-20 11:00:00,73.33333333333333,97.0136647299333,120.0,51.66666666666666,355.0,120.35679690022603,108.31329751834633,248.85290674603186,199.28745
2016-05-20 12:00:00,71.66666666666667,97.0136647299333,120.0,55.0,301.6666666666667,120.3777849531805,107.54169355283041,216.796369047619,197.35135
2016-05-20 13:00:00,61.66666666666666,97.0136647299333,120.0,50.0,268.3333333333333,120.39877300613497,107.05526384220134,148.1804232804233,183.98608
2016-05-20 14:00:00,60.0,97.0136647299333,120.0,63.333333333333336,318.3333333333333,120.41976105908944,96.48800658971669,159.9392813552189,169.38107
2016-05-20 15:00:00,46.66666666666666,97.0136647299333,120.0,81.66666666666667,201.66666666666663,120.44074911204392,94.91572999379348,131.21407076719572,162.98676
2016-05-20 16:00:00,48.333333333333336,97.0136647299333,120.0,90.0,351.6666666666667,120.46173716499838,119.9564161377766,92.33886408730153,195.82916
2016-05-20 17:00:00,75.0,97.0136647299333,120.0,208.33333333333331,231.66666666666663,120.48272521795286,186.6816328691554,116.20041666666664,237.3632
2016-05-20 18:00:00,78.33333333333333,97.0136647299333,120.0,120.0,348.3333333333333,120.50371327090733,166.8857958899056,143.58480985449748,202.03001
2016-05-20 19:00:00,65.0,96.79478966474481,78.33333333333333,98.33333333333331,208.33333333333331,78.34080956958239,62.19483927831727,120.22988816738811,81.51414
2016-05-20 20:00:00,70.0,96.79478966474481,78.33333333333333,118.33333333333331,120.0,78.34828580583147,74.46642334260866,96.9156448412699,74.90057
2016-05-20 21:00:00,65.0,96.79478966474481,78.33333333333333,66.66666666666667,63.333333333333336,78.35576204208053,47.08511506441089,77.43092261904756,64.62073
2016-05-20 22:00:00,53.333333333333336,96.79478966474481,78.33333333333333,50.0,55.0,78.36323827832959,37.39877162042922,57.30428255772005,55.99698
2016-05-20 23:00:00,45.0,96.79478966474481,78.33333333333333,56.66666666666666,61.66666666666666,78.37071451457865,40.463614482790945,51.41528604497352,52.296783
2016-05-21 00:00:00,48.333333333333336,96.79478966474481,78.33333333333333,51.66666666666666,58.333333333333336,78.37819075082773,41.804013039096745,52.2692162698413,53.2906
2016-05-21 01:00:00,51.66666666666666,96.79478966474481,78.33333333333333,51.66666666666666,63.333333333333336,78.38566698707679,45.485943836225054,51.94238095238095,53.090237
2016-05-21 02:00:00,56.66666666666666,96.79478966474481,78.33333333333333,36.66666666666666,60.0,78.39314322332585,46.494019009278915,50.61377314814814,50.95788
2016-05-21 03:00:00,48.333333333333336,96.79478966474481,78.33333333333333,58.333333333333336,60.0,78.40061945957491,47.92790209450244,52.95106977513228,50.975464
2016-05-21 04:00:00,56.66666666666666,96.79478966474481,78.33333333333333,51.66666666666666,60.0,78.40809569582399,49.66366553642983,50.45355158730155,50.60533
2016-05-21 05:00:00,51.66666666666666,96.79478966474481,78.33333333333333,61.66666666666666,56.66666666666666,78.41557193207305,58.327098989515605,53.24512400793647,49.71822
2016-05-21 06:00:00,60.0,96.79478966474481,78.33333333333333,66.66666666666667,63.333333333333336,78.42304816832211,66.84113624841022,70.31836399711396,54.84872
2016-05-21 07:00:00,56.66666666666666,96.79478966474481,78.33333333333333,80.0,113.33333333333331,78.43052440457117,91.35114331364551,86.16970403439153,68.47677
2016-05-21 08:00:00,208.33333333333331,96.79478966474481,78.33333333333333,126.66666666666669,133.33333333333334,78.43800064082025,108.25005667890106,131.74270502645493,92.54288
2016-05-21 09:00:00,310.0,96.79478966474481,78.33333333333333,73.33333333333333,118.33333333333331,78.44547687706931,96.0032144845621,151.25527777777768,106.08785
2016-05-21 10:00:00,383.3333333333333,96.79478966474481,78.33333333333333,81.66666666666667,158.33333333333334,78.45295311331837,106.99918097374777,181.64700396825359,117.59957
2016-05-21 11:00:00,431.6666666666667,96.79478966474481,78.33333333333333,73.33333333333333,96.66666666666669,78.46042934956745,106.53285335246626,138.91486111111112,115.28616
2016-05-21 12:00:00,228.33333333333331,96.79478966474481,78.33333333333333,71.66666666666667,116.66666666666669,78.46790558581651,105.77504548969817,188.1251190476188,103.45951
2016-05-21 13:00:00,343.3333333333333,96.79478966474481,78.33333333333333,61.66666666666666,113.33333333333331,78.47538182206557,104.89503579393207,185.7079943783067,98.261826
2016-05-21 14:00:00,303.3333333333333,96.79478966474481,78.33333333333333,60.0,106.66666666666669,78.48285805831463,94.76013602377888,141.64601115319851,93.823715
2016-05-21 15:00:00,361.6666666666667,96.79478966474481,78.33333333333333,46.66666666666666,130.0,78.49033429456371,92.67303618589355,154.61266369047627,83.88077
2016-05-21 16:00:00,100.0,96.79478966474481,78.33333333333333,48.333333333333336,111.66666666666669,78.49781053081277,116.66532715255599,89.08923115079365,95.71068
2016-05-21 17:00:00,95.0,96.79478966474481,78.33333333333333,75.0,241.66666666666663,78.50528676706183,181.57965721501654,109.70088624338625,132.7508
2016-05-21 18:00:00,125.0,96.79478966474481,78.33333333333333,78.33333333333333,166.66666666666666,78.5127630033109,162.84242685705357,137.85373015873017,122.22152
2016-05-21 19:00:00,108.33333333333331,97.20650561559653,125.0,65.0,90.0,125.02225755166931,84.05727056891782,114.43594742063489,103.17307
2016-05-21 20:00:00,95.0,97.20650561559653,125.0,70.0,86.66666666666667,125.04451510333864,93.1072475921931,129.1433399470899,87.14157
2016-05-21 21:00:00,135.0,97.20650561559653,125.0,65.0,75.0,125.06677265500795,60.48865242043572,78.12285714285707,69.07422
2016-05-21 22:00:00,73.33333333333333,97.20650561559653,125.0,53.333333333333336,61.66666666666666,125.08903020667726,47.330729418248225,61.61975694444449,58.30304
2016-05-21 23:00:00,148.33333333333334,97.20650561559653,125.0,45.0,48.333333333333336,125.11128775834658,47.18422984501203,52.10461474867729,54.944256
2016-05-22 00:00:00,60.0,97.20650561559653,125.0,48.333333333333336,53.333333333333336,125.1335453100159,46.765222054936345,50.24320436507938,53.948174
2016-05-22 01:00:00,56.66666666666666,97.20650561559653,125.0,51.66666666666666,55.0,125.15580286168522,49.092231382636534,52.20896990740744,52.961887
2016-05-22 02:00:00,51.66666666666666,97.20650561559653,125.0,56.66666666666666,51.66666666666666,125.17806041335453,49.33084359299732,53.66121031746039,50.924763
2016-05-22 03:00:00,53.333333333333336,97.20650561559653,125.0,48.333333333333336,40.0,125.20031796502384,49.640772459414414,52.72572916666665,51.365055
2016-05-22 04:00:00,55.0,97.20650561559653,125.0,56.66666666666666,51.66666666666666,125.22257551669317,51.19145816108684,53.18249338624339,51.745697
2016-05-22 05:00:00,50.0,97.20650561559653,125.0,51.66666666666666,56.66666666666666,125.24483306836248,58.88754309399517,53.754940476190455,51.191788
2016-05-22 06:00:00,58.333333333333336,97.20650561559653,125.0,60.0,51.66666666666666,125.2670906200318,67.1462645124304,56.275408399470926,56.48669
2016-05-22 07:00:00,63.333333333333336,97.20650561559653,125.0,56.66666666666666,93.33333333333331,125.2893481717011,90.2142015820088,94.70663194444447,71.395706
2016-05-22 08:00:00,190.0,97.20650561559653,125.0,208.33333333333331,118.33333333333331,125.31160572337043,113.11348895645348,111.92998511904761,99.65635
2016-05-22 09:00:00,113.33333333333331,97.20650561559653,125.0,310.0,101.66666666666669,125.33386327503975,105.95506593328457,162.95742559523805,111.522766
2016-05-22 10:00:00,201.66666666666663,97.20650561559653,125.0,383.3333333333333,108.33333333333331,125.35612082670906,119.7206297688046,171.0942807539683,116.941216
2016-05-22 11:00:00,343.3333333333333,97.20650561559653,125.0,431.6666666666667,105.0,125.37837837837837,121.42686125087778,198.70517361111112,111.570404
2016-05-22 12:00:00,126.66666666666669,97.20650561559653,125.0,228.33333333333331,96.66666666666669,125.4006359300477,111.42773384865193,212.37385085978815,95.380005
2016-05-22 13:00:00,103.33333333333331,97.20650561559653,125.0,343.3333333333333,136.66666666666666,125.42289348171701,115.79206670347895,149.76553075396822,90.09996
2016-05-22 14:00:00,106.66666666666669,97.20650561559653,125.0,303.3333333333333,88.33333333333333,125.44515103338632,104.28292158725759,131.64122519841266,82.74234
2016-05-22 15:00:00,96.66666666666669,97.20650561559653,125.0,361.6666666666667,93.33333333333331,125.46740858505565,104.93052836338109,120.41388392857147,79.54616
2016-05-22 16:00:00,88.33333333333333,97.20650561559653,125.0,100.0,143.33333333333334,125.48966613672496,115.92889379063088,161.38762070105827,108.6229
2016-05-22 17:00:00,265.0,97.20650561559653,125.0,95.0,236.66666666666663,125.51192368839428,177.65901655347142,118.00212947931705,157.37372
2016-05-22 18:00:00,120.0,97.20650561559653,125.0,125.0,98.33333333333331,125.53418124006359,161.13295829777798,199.62423776455043,136.17023
2016-05-22 19:00:00,96.66666666666669,97.34227129337539,120.0,108.33333333333331,96.66666666666669,120.020511202272,123.2611556958416,120.97295469576724,119.56774
2016-05-22 20:00:00,116.66666666666669,97.34227129337539,120.0,95.0,246.66666666666663,120.04102240454402,108.72490594414974,120.94499503968247,104.85321
2016-05-22 21:00:00,88.33333333333333,97.34227129337539,120.0,135.0,203.33333333333331,120.06153360681603,77.97371376424564,107.23952215608459,78.96327
2016-05-22 22:00:00,78.33333333333333,97.34227129337539,120.0,73.33333333333333,86.66666666666667,120.08204480908805,57.796821810144145,87.08060681216935,63.250355
2016-05-22 23:00:00,60.0,97.34227129337539,120.0,148.33333333333334,83.33333333333333,120.10255601136005,58.60964109773519,87.7620320767196,57.944046
2016-05-23 00:00:00,58.333333333333336,97.34227129337539,120.0,60.0,61.66666666666666,120.12306721363205,52.187887946124555,57.09421626984128,55.879333
2016-05-23 01:00:00,51.66666666666666,97.34227129337539,120.0,56.66666666666666,53.333333333333336,120.14357841590407,52.89091767104845,65.70479572510823,54.64701
2016-05-23 02:00:00,58.333333333333336,97.34227129337539,120.0,51.66666666666666,56.66666666666666,120.16408961817608,51.89907205959171,55.583923611111096,53.419308
2016-05-23 03:00:00,51.66666666666666,97.34227129337539,120.0,53.333333333333336,53.333333333333336,120.1846008204481,51.56677771792228,54.52429037397788,53.83155
2016-05-23 04:00:00,50.0,97.34227129337539,120.0,55.0,55.0,120.2051120227201,52.61921168752773,54.22258432539684,53.517776
2016-05-23 05:00:00,66.66666666666667,97.34227129337539,120.0,50.0,51.66666666666666,120.2256232249921,59.37906726374707,65.42747189153437,54.06615
2016-05-23 06:00:00,60.0,97.34227129337539,120.0,58.333333333333336,53.333333333333336,120.24613442726412,67.38480727946154,64.09027281746032,56.54716
2016-05-23 07:00:00,56.66666666666666,97.34227129337539,120.0,63.333333333333336,61.66666666666666,120.26664562953613,89.44845155220689,91.48319775132272,57.92265
2016-05-23 08:00:00,51.66666666666666,97.34227129337539,120.0,190.0,88.33333333333333,120.28715683180815,116.93418575354963,90.92023478835983,59.305023
2016-05-23 09:00:00,55.0,97.34227129337539,120.0,113.33333333333331,70.0,120.30766803408015,106.52286113846915,87.67556382275137,61.419537
2016-05-23 10:00:00,51.66666666666666,97.34227129337539,120.0,201.66666666666663,148.33333333333334,120.32817923635216,123.61158771055219,124.05207671957677,66.591324
2016-05-23 11:00:00,56.66666666666666,97.34227129337539,120.0,343.3333333333333,103.33333333333331,120.34869043862417,131.6326345909331,107.30532768157775,68.84564
2016-05-23 12:00:00,61.66666666666666,97.34227129337539,120.0,126.66666666666669,206.66666666666663,120.36920164089618,112.2049597808519,115.29295800264566,69.971016
2016-05-23 13:00:00,56.66666666666666,97.34227129337539,120.0,103.33333333333331,266.6666666666667,120.3897128431682,115.28602848027325,114.57411706349214,72.063416
2016-05-23 14:00:00,58.333333333333336,97.34227129337539,120.0,106.66666666666669,88.33333333333333,120.4102240454402,104.43432605894438,72.39552278739778,67.54767
2016-05-23 15:00:00,73.33333333333333,97.34227129337539,120.0,96.66666666666669,111.66666666666669,120.4307352477122,104.58559368050508,105.04421296296312,63.779346
2016-05-23 16:00:00,156.66666666666666,97.34227129337539,120.0,88.33333333333333,88.33333333333333,120.45124644998423,114.69638733699315,120.80027116402131,92.79098
2016-05-23 17:00:00,380.0,97.34227129337539,120.0,265.0,243.33333333333331,120.47175765225623,181.64499871987184,168.546357022607,159.16705
2016-05-23 18:00:00,123.33333333333331,97.34227129337539,120.0,120.0,155.0,120.49226885452825,159.2743138084685,198.4533465608468,138.56297
2016-05-23 19:00:00,120.0,97.24274681694844,123.33333333333331,96.66666666666669,115.0,123.3547343146466,151.1190804688964,125.77395667989414,121.32716
2016-05-23 20:00:00,105.0,97.24274681694844,123.33333333333331,116.66666666666669,96.66666666666669,123.3761352959599,122.13467394493742,109.75059854497351,100.88154
2016-05-23 21:00:00,68.33333333333333,97.24274681694844,123.33333333333331,88.33333333333333,68.33333333333333,123.39753627727319,89.74633801481507,89.49803075396824,72.92701
2016-05-23 22:00:00,63.333333333333336,97.24274681694844,123.33333333333331,78.33333333333333,46.66666666666666,123.41893725858647,66.28320168606243,67.1338343253968,57.946117
2016-05-23 23:00:00,58.333333333333336,97.24274681694844,123.33333333333331,60.0,60.0,123.44033823989976,64.19625444288731,62.60015542328043,53.557724
2016-05-24 00:00:00,50.0,97.24274681694844,123.33333333333331,58.333333333333336,50.0,123.46173922121305,56.375239347590956,53.83147757335256,52.87787
2016-05-24 01:00:00,56.66666666666666,97.24274681694844,123.33333333333331,51.66666666666666,55.0,123.48314020252634,55.63339841745861,54.43409226190475,51.638824
2016-05-24 02:00:00,55.0,97.24274681694844,123.33333333333331,58.333333333333336,51.66666666666666,123.50454118383963,54.18640386922249,53.827356150793605,51.4609
2016-05-24 03:00:00,53.333333333333336,97.24274681694844,123.33333333333331,51.66666666666666,53.333333333333336,123.52594216515293,52.995703851862565,51.82509093915346,51.529152
2016-05-24 04:00:00,53.333333333333336,97.24274681694844,123.33333333333331,50.0,53.333333333333336,123.5473431464662,53.51663236586915,52.24850274725279,53.748756
2016-05-24 05:00:00,106.66666666666669,97.24274681694844,123.33333333333331,66.66666666666667,58.333333333333336,123.5687441277795,60.43588746182502,58.61772982804229,56.415558
2016-05-24 06:00:00,71.66666666666667,97.24274681694844,123.33333333333331,60.0,56.66666666666666,123.59014510909279,67.56694640730778,61.67624007936506,60.158653
2016-05-24 07:00:00,161.66666666666666,97.24274681694844,123.33333333333331,56.66666666666666,65.0,123.61154609040608,88.32786559067384,88.34171461640213,59.944675
2016-05-24 08:00:00,56.66666666666666,97.24274681694844,123.33333333333331,51.66666666666666,56.66666666666666,123.63294707171937,114.23106623418668,63.25002480158729,55.938236
2016-05-24 09:00:00,38.333333333333336,97.24274681694844,123.33333333333331,55.0,51.66666666666666,123.65434805303266,104.36902810910885,54.81655032467531,51.310146
2016-05-24 10:00:00,66.66666666666667,97.24274681694844,123.33333333333331,51.66666666666666,53.333333333333336,123.67574903434594,120.47551466563597,55.92268623737374,51.135742
2016-05-24 11:00:00,101.66666666666669,97.24274681694844,123.33333333333331,56.66666666666666,51.66666666666666,123.69715001565923,128.32076226986493,66.13262671356424,52.332577
2016-05-24 12:00:00,128.33333333333334,97.24274681694844,123.33333333333331,61.66666666666666,53.333333333333336,123.71855099697252,109.97605870022372,57.152175925925896,53.603767
2016-05-24 13:00:00,118.33333333333331,97.24274681694844,123.33333333333331,56.66666666666666,41.66666666666666,123.73995197828582,112.67018287461454,61.3472407106782,54.795208
2016-05-24 14:00:00,150.0,97.24274681694844,123.33333333333331,58.333333333333336,53.333333333333336,123.76135295959911,102.37355074649263,61.61968088624342,53.23359
2016-05-24 15:00:00,141.66666666666666,97.24274681694844,123.33333333333331,73.33333333333333,51.66666666666666,123.7827539409124,103.1898258145622,69.99081018518523,53.210865
2016-05-24 16:00:00,141.66666666666666,97.24274681694844,123.33333333333331,156.66666666666666,66.66666666666667,123.80415492222568,116.62202902245689,134.5706580687831,80.99591
2016-05-24 17:00:00,203.33333333333331,97.24274681694844,123.33333333333331,380.0,153.33333333333334,123.82555590353897,190.6744587211653,208.73205357142865,147.45544
2016-05-24 18:00:00,136.66666666666666,97.24274681694844,123.33333333333331,123.33333333333331,100.0,123.84695688485226,157.64956636481458,185.17855654761897,137.3691
2016-05-24 19:00:00,123.33333333333331,97.23430702299565,136.66666666666666,120.0,123.33333333333331,136.69205263703242,113.1181315155781,124.11059523809536,132.18329
2016-05-24 20:00:00,96.66666666666669,97.23430702299565,136.66666666666666,105.0,118.33333333333331,136.71743860739818,108.34283176362881,106.78196263227524,105.62873
2016-05-24 21:00:00,76.66666666666667,97.23430702299565,136.66666666666666,68.33333333333333,65.0,136.74282457776394,76.10121509393696,76.27779761904755,74.35784
2016-05-24 22:00:00,61.66666666666666,97.23430702299565,136.66666666666666,63.333333333333336,46.66666666666666,136.76821054812973,57.97892614767521,57.21420138888886,58.284557
2016-05-24 23:00:00,58.333333333333336,97.23430702299565,136.66666666666666,58.333333333333336,55.0,136.7935965184955,57.87258412937208,59.240186838624346,53.90839
2016-05-25 00:00:00,53.333333333333336,97.23430702299565,136.66666666666666,50.0,51.66666666666666,136.81898248886125,51.820543544025234,51.55766534391534,53.295124
2016-05-25 01:00:00,53.333333333333336,97.23430702299565,136.66666666666666,56.66666666666666,53.333333333333336,136.844368459227,52.62129052654705,53.51519841269844,51.84324
2016-05-25 02:00:00,56.66666666666666,97.23430702299565,136.66666666666666,55.0,55.0,136.86975442959277,52.043902184185605,53.68141369047619,50.91892
2016-05-25 03:00:00,48.333333333333336,97.23430702299565,136.66666666666666,53.333333333333336,51.66666666666666,136.89514039995854,51.454466267812776,53.99298941798939,50.92157
2016-05-25 04:00:00,55.0,97.23430702299565,136.66666666666666,53.333333333333336,51.66666666666666,136.9205263703243,52.39756674659488,53.20084325396823,50.794086
2016-05-25 05:00:00,55.0,97.23430702299565,136.66666666666666,106.66666666666669,65.0,136.94591234069009,61.74459621305157,76.73547949735453,52.164253
2016-05-25 06:00:00,55.0,97.23430702299565,136.66666666666666,71.66666666666667,70.0,136.97129831105585,67.18744934047056,72.74951223544981,58.635048
2016-05-25 07:00:00,65.0,97.23430702299565,136.66666666666666,161.66666666666666,53.333333333333336,136.9966842814216,91.2578022670966,87.7358432539682,68.22743
2016-05-25 08:00:00,83.33333333333333,97.23430702299565,136.66666666666666,56.66666666666666,61.66666666666666,137.02207025178737,111.3260543606689,103.70641203703703,71.487785
2016-05-25 09:00:00,90.0,97.23430702299565,136.66666666666666,38.333333333333336,65.0,137.04745622215313,101.16144897861156,80.76605489417985,71.03273
2016-05-25 10:00:00,78.33333333333333,97.23430702299565,136.66666666666666,66.66666666666667,58.333333333333336,137.0728421925189,117.88263766832144,71.7400595238095,72.923004
2016-05-25 11:00:00,50.0,97.23430702299565,136.66666666666666,101.66666666666669,70.0,137.09822816288465,127.00431633907151,94.99994212962963,74.309586
2016-05-25 12:00:00,60.0,97.23430702299565,136.66666666666666,128.33333333333334,56.66666666666666,137.12361413325044,110.73573201066586,112.24895833333339,74.9258
2016-05-25 13:00:00,71.66666666666667,97.23430702299565,136.66666666666666,118.33333333333331,86.66666666666667,137.1490001036162,112.87422430590703,82.83780092592596,78.145325
2016-05-25 14:00:00,80.0,97.23430702299565,136.66666666666666,150.0,81.66666666666667,137.17438607398196,104.50043389847389,95.00654957311201,79.87976
2016-05-25 15:00:00,80.0,97.23430702299565,136.66666666666666,141.66666666666666,83.33333333333333,137.19977204434772,104.91169730381392,98.16178902116404,82.3689
2016-05-25 16:00:00,231.66666666666663,97.23430702299565,136.66666666666666,141.66666666666666,105.0,137.2251580147135,117.7410888601015,100.7567509920635,105.20721
2016-05-25 17:00:00,118.33333333333331,97.23430702299565,136.66666666666666,203.33333333333331,118.33333333333331,137.25054398507925,191.23604684051065,191.15196428571423,171.95059
2016-05-25 18:00:00,156.66666666666666,97.23430702299565,136.66666666666666,136.66666666666666,178.33333333333334,137.275929955445,156.68584136357026,226.75712136243394,161.63184
2016-05-25 19:00:00,118.33333333333331,97.11854822126259,156.66666666666666,123.33333333333331,143.33333333333334,156.69803558572457,102.69614561228425,125.54679037397798,132.77414
2016-05-25 20:00:00,190.0,97.11854822126259,156.66666666666666,96.66666666666669,223.33333333333331,156.72940450478245,106.99934594347974,116.16059523809517,101.32322
2016-05-25 21:00:00,56.66666666666666,97.11854822126259,156.66666666666666,76.66666666666667,81.66666666666667,156.76077342384036,73.74970433286272,74.1535921717172,70.649086
2016-05-25 22:00:00,53.333333333333336,97.11854822126259,156.66666666666666,61.66666666666666,51.66666666666666,156.79214234289827,56.91408210176827,67.73433697089953,58.939964
2016-05-25 23:00:00,53.333333333333336,97.11854822126259,156.66666666666666,58.333333333333336,56.66666666666666,156.82351126195618,56.89394625620891,56.20797619047626,54.845657
2016-05-26 00:00:00,53.333333333333336,97.11854822126259,156.66666666666666,53.333333333333336,51.66666666666666,156.85488018101407,51.20684797528213,51.75476190476194,54.320946
2016-05-26 01:00:00,55.0,97.11854822126259,156.66666666666666,53.333333333333336,51.66666666666666,156.88624910007198,52.15855736172735,52.79095238095235,53.611904
2016-05-26 02:00:00,50.0,97.11854822126259,156.66666666666666,56.66666666666666,50.0,156.9176180191299,51.9027373905154,53.49665343915341,52.857025
2016-05-26 03:00:00,56.66666666666666,97.11854822126259,156.66666666666666,48.333333333333336,51.66666666666666,156.9489869381878,51.06131322622223,52.70518683862434,50.567696
2016-05-26 04:00:00,50.0,97.11854822126259,156.66666666666666,55.0,56.66666666666666,156.98035585724568,52.336662149574245,52.429991732804226,51.857822
2016-05-26 05:00:00,56.66666666666666,97.11854822126259,156.66666666666666,55.0,55.0,157.0117247763036,61.31006111725012,78.80069113756616,54.001137
2016-05-26 06:00:00,61.66666666666666,97.11854822126259,156.66666666666666,55.0,58.333333333333336,157.0430936953615,66.54212851256378,66.00606812169313,59.033646
2016-05-26 07:00:00,100.0,97.11854822126259,156.66666666666666,65.0,50.0,157.07446261441942,89.99901067795872,88.7089087301587,72.95081
2016-05-26 08:00:00,156.66666666666666,97.11854822126259,156.66666666666666,83.33333333333333,53.333333333333336,157.1058315334773,110.00705415206995,87.7789136904762,71.46693
2016-05-26 09:00:00,276.6666666666667,97.11854822126259,156.66666666666666,90.0,36.66666666666666,157.1372004525352,100.62087539355846,105.39936011904761,69.203575
2016-05-26 10:00:00,265.0,97.11854822126259,156.66666666666666,78.33333333333333,55.0,157.16856937159312,116.06112062350951,81.9902066798942,64.60437
2016-05-26 11:00:00,243.33333333333331,97.11854822126259,156.66666666666666,50.0,51.66666666666666,157.19993829065103,123.48696288719324,84.06581679894185,63.86122
2016-05-26 12:00:00,221.66666666666663,97.11854822126259,156.66666666666666,60.0,55.0,157.23130720970892,108.41733003523763,84.69224041005293,70.55353
2016-05-26 13:00:00,75.0,97.11854822126259,156.66666666666666,71.66666666666667,50.0,157.26267612876683,110.9924069509339,83.13982804232806,74.99052
2016-05-26 14:00:00,68.33333333333333,97.11854822126259,156.66666666666666,80.0,63.333333333333336,157.29404504782474,103.38055068046357,92.33651169432426,71.07541
2016-05-26 15:00:00,61.66666666666666,97.11854822126259,156.66666666666666,80.0,81.66666666666667,157.32541396688265,103.77487929260292,97.67881448412696,73.22926
2016-05-26 16:00:00,495.0,97.11854822126259,156.66666666666666,231.66666666666663,90.0,157.35678288594053,122.91675375307153,104.71449404761901,102.969986
2016-05-26 17:00:00,440.0,97.11854822126259,156.66666666666666,118.33333333333331,208.33333333333331,157.38815180499844,187.91981960283402,140.4528885582011,176.94926
2016-05-26 18:00:00,215.0,97.11854822126259,156.66666666666666,156.66666666666666,120.0,157.41952072405635,156.68337394010263,250.79110615079352,172.35342
2016-05-26 19:00:00,223.33333333333331,97.46836088997753,215.0,118.33333333333331,98.33333333333331,215.0490045941807,203.56902497189031,121.29829530423281,133.06947
2016-05-26 20:00:00,91.66666666666669,97.46836088997753,215.0,190.0,118.33333333333331,215.0980091883614,165.3670572362524,108.38203042328033,104.585785
2016-05-26 21:00:00,76.66666666666667,97.46836088997753,215.0,56.66666666666666,66.66666666666667,215.1470137825421,116.30351885129751,68.68930886243389,74.78412
2016-05-26 22:00:00,70.0,97.46836088997753,215.0,53.333333333333336,50.0,215.1960183767228,86.55050300800306,54.950193452380944,57.853775
2016-05-26 23:00:00,65.0,97.46836088997753,215.0,53.333333333333336,56.66666666666666,215.24502297090353,78.29207804248128,51.9864417989418,53.83237
2016-05-27 00:00:00,60.0,97.46836088997753,215.0,53.333333333333336,51.66666666666666,215.29402756508424,66.61645947118973,52.71033730158729,52.799267
2016-05-27 01:00:00,58.333333333333336,97.46836088997753,215.0,55.0,51.66666666666666,215.34303215926494,63.236572291298664,53.74880456349206,50.20068
2016-05-27 02:00:00,50.0,97.46836088997753,215.0,50.0,36.66666666666666,215.39203675344564,59.6258253655298,52.06410714285714,48.53335
2016-05-27 03:00:00,58.333333333333336,97.46836088997753,215.0,56.66666666666666,58.333333333333336,215.44104134762634,56.89140529731222,53.398182870370384,49.44145
2016-05-27 04:00:00,58.333333333333336,97.46836088997753,215.0,50.0,51.66666666666666,215.49004594180704,56.209396677314636,52.57342757936511,48.563625
2016-05-27 05:00:00,58.333333333333336,97.46836088997753,215.0,56.66666666666666,61.66666666666666,215.53905053598774,63.938996927344036,62.13012896825393,49.574696
2016-05-27 06:00:00,63.333333333333336,97.46836088997753,215.0,61.66666666666666,66.66666666666667,215.58805513016844,68.3475023938509,71.55789186507934,67.38051
2016-05-27 07:00:00,111.66666666666669,97.46836088997753,215.0,100.0,80.0,215.63705972434917,91.90038446828092,110.8703637566137,120.00397
2016-05-27 08:00:00,130.0,97.46836088997753,215.0,156.66666666666666,126.66666666666669,215.68606431852987,113.16069170262043,129.54890376984125,156.76376
2016-05-27 09:00:00,251.66666666666663,97.46836088997753,215.0,276.6666666666667,73.33333333333333,215.73506891271057,109.36051603398687,149.6626984126984,141.74585
2016-05-27 10:00:00,251.66666666666663,97.46836088997753,215.0,265.0,81.66666666666667,215.78407350689127,123.35756637493492,204.59939153439154,146.13477
2016-05-27 11:00:00,310.0,97.46836088997753,215.0,243.33333333333331,73.33333333333333,215.83307810107198,129.3103481257103,158.98756779100532,149.59616
2016-05-27 12:00:00,185.0,97.46836088997753,215.0,221.66666666666663,71.66666666666667,215.88208269525268,113.83335323273894,186.01407076719588,129.50821
2016-05-27 13:00:00,265.0,97.46836088997753,215.0,75.0,61.66666666666666,215.93108728943338,109.54753483513917,189.21335813492067,121.4017
2016-05-27 14:00:00,101.66666666666669,97.46836088997753,215.0,68.33333333333333,60.0,215.98009188361408,101.92389415363776,170.277501653439,110.09689
2016-05-27 15:00:00,76.66666666666667,97.46836088997753,215.0,61.66666666666666,46.66666666666666,216.02909647779478,101.95816869260467,172.84453373015864,105.53291
2016-05-27 16:00:00,135.0,97.46836088997753,215.0,495.0,48.333333333333336,216.0781010719755,139.9003410317726,152.51646329365076,115.290344
2016-05-27 17:00:00,180.0,97.46836088997753,215.0,440.0,75.0,216.1271056661562,199.42843723261805,218.20709325396817,147.35313
2016-05-27 18:00:00,430.0,97.46836088997753,215.0,215.0,78.33333333333333,216.1761102603369,159.36973873835979,234.60752149470892,144.45532
